dimension,departure_rate
sensory_organs,0.7901851851851851
body_plan,0.6192592592592592
skin_covering,0.6059259259259259
locomotion,0.5818518518518518
metabolism,0.49925925925925924
symmetry,0.4009259259259259
communication,0.3835185185185185
reproduction,0.35055555555555556
cognition,0.23074074074074072
habitat,0.16092592592592592
