excluded_judge,n_judges_remaining,rho_vs_full,rho_vs_heldout,null_rho_mean,null_rho_lo95,null_rho_hi95,rho_above_null_hi95,rho_heldout_above_stable_bar,rank_changes_vs_heldout,rank_preserved_vs_heldout,alpha_cross_model,alpha_drop_from_full,alpha_drop_within_bar,sf_subject,sf_rank_in_full,sf_rank_in_loo,sf_rank_delta
anthropic/claude-opus-4.6,2,0.9757575757575757,0.8787878787878788,-0.004113939393939393,-0.6363636363636362,0.6484848484848483,True,False,6,False,0.9409807359927428,-0.03189545886042511,True,anthropic/claude-opus-4.7,8.0,7.0,-1.0
google/gemini-3.1-pro-preview,2,0.9878787878787878,0.9393939393939393,-0.005368484848484849,-0.6363636363636362,0.6366666666666622,True,True,7,False,0.9151301992190296,-0.0060449220867119235,True,google/gemini-3.1-pro-preview,6.0,6.0,0.0
openai/gpt-5.4,2,0.9878787878787878,0.9636363636363635,-0.0052896969696969685,-0.6484848484848483,0.6363636363636362,True,True,6,False,0.8750864202742247,0.03399885685809301,True,openai/gpt-5.4,9.0,9.0,0.0
