,baseline,baseline_para_a,baseline_para_b,baseline_para_c,baseline_para_d,baseline_para_e
baseline,1.0,0.8909090909090909,0.6322217654272672,0.8909090909090909,0.8545454545454544,0.8666666666666665
baseline_para_a,0.8909090909090909,1.0,0.8145934285312865,0.9030303030303028,0.9272727272727272,0.8545454545454544
baseline_para_b,0.6322217654272672,0.8145934285312865,1.0,0.6322217654272672,0.8632258720256917,0.8875420937728943
baseline_para_c,0.8909090909090909,0.9030303030303028,0.6322217654272672,1.0,0.8909090909090909,0.7818181818181817
baseline_para_d,0.8545454545454544,0.9272727272727272,0.8632258720256917,0.8909090909090909,1.0,0.9151515151515152
baseline_para_e,0.8666666666666665,0.8545454545454544,0.8875420937728943,0.7818181818181817,0.9151515151515152,1.0
