prompt_variant,n,rho,rho_ci_lo,rho_ci_hi,p,token_confounded
baseline,6,0.6982532518267538,-0.12712834523274563,1.0,0.12283946337339603,True
constrained_ammonia,6,0.8060599359358183,0.0,1.0,0.052771813251892646,True
constrained_high_gravity,6,0.2229481606852615,-0.8660254037844388,0.894427190999916,0.671118676495021,False
constrained_no_light,6,-0.6253053994807223,-1.0,0.447213595499958,0.18429124574093445,False
departure_primed,6,0.5075192189225523,-1.0,1.0,0.30408349526528783,False
detailed_description,6,0.21251185925162072,-0.9999999999999999,1.0,0.686030866008896,False
