,baseline,baseline_para_a,baseline_para_b,baseline_para_c,baseline_para_d,baseline_para_e
baseline,0.0,2.5244444444444447,1.3711111111111112,1.3944444444444444,1.2122222222222225,1.0977777777777775
baseline_para_a,2.5244444444444447,0.0,1.5,1.1833333333333336,1.4966666666666668,1.7733333333333334
baseline_para_b,1.3711111111111112,1.5,0.0,0.7099999999999997,1.0299999999999998,0.6866666666666668
baseline_para_c,1.3944444444444444,1.1833333333333336,0.7099999999999997,0.0,0.8066666666666669,0.8833333333333332
baseline_para_d,1.2122222222222225,1.4966666666666668,1.0299999999999998,0.8066666666666669,0.0,0.6300000000000001
baseline_para_e,1.0977777777777775,1.7733333333333334,0.6866666666666668,0.8833333333333332,0.6300000000000001,0.0
