prompt_variant,n,rho,rho_ci_lo,rho_ci_hi,p,token_confounded
baseline,300,0.021813037205228227,-0.08461067995251978,0.13127396886371073,0.7067084362219224,False
constrained_ammonia,300,0.006739679499763299,-0.10761398041057692,0.12472576620852668,0.9074554700690037,False
constrained_high_gravity,300,0.2714788406016477,0.1640885331029576,0.37596151741178824,1.819996493632364e-06,True
constrained_no_light,300,0.0010982036089389146,-0.11400316180603237,0.11512167175696476,0.9848873410908408,False
departure_primed,300,0.293785546997352,0.18686438808440506,0.3932962212516385,2.1943329706375344e-07,True
detailed_description,300,0.10334810919398923,-0.0011802690828002901,0.20522125106138434,0.07387967457820853,False
