dimension,departure_rate
sensory_organs,0.75
communication,0.6805555555555556
skin_covering,0.5694444444444444
body_plan,0.4583333333333333
locomotion,0.4444444444444444
reproduction,0.3888888888888889
metabolism,0.375
habitat,0.3611111111111111
cognition,0.2222222222222222
symmetry,0.19444444444444445
